,PREDATOR,PREY1,"large_sharks/rays,_carnivorous","large_sharks/rays,_carnivorous"2,"large_sharks/rays,_carnivorous","sharks/scombrids,_carnivorous"3,"large_sharks/rays,_carnivorous","large_jacks,_carnivorous"4,"large_sharks/rays,_carnivorous","intermediate_jacks,_carnivorous"5,"large_sharks/rays,_carnivorous","small_jacks,_carnivrous"6,"large_sharks/rays,_carnivorous","intermediate_reef_fish,_carnivorous1"7,"large_sharks/rays,_carnivorous","large-intermediate_schooling_fish,_pelagic"8,"large_sharks/rays,_carnivorous","intermediate_reef_fish,_carnivorous2"9,"large_sharks/rays,_carnivorous","hemiramphidae,_herbivorous"10,"large_sharks/rays,_carnivorous","kyphosidae,_herbivorous"11,"large_sharks/rays,_carnivorous","intermediate_reef_fish,_herbivorous"12,"large_sharks/rays,_carnivorous","large_reef_fish,_carnivorous"13,"large_sharks/rays,_carnivorous","intermediate_reef_fish,_carnivorous3"14,"large_sharks/rays,_carnivorous","small_reef_fish,_carnivorous1"15,"large_sharks/rays,_carnivorous","small_schooling_fish,_pelagic"16,"large_sharks/rays,_carnivorous","Engraulidae,_herbivorous"17,"large_sharks/rays,_carnivorous","small_reef_fish,_carnivorous2"18,"large_sharks/rays,_carnivorous","large_groupers,_carnivorous"19,"large_sharks/rays,_carnivorous","intermediate_reef_fish,_carnivorous4"20,"large_sharks/rays,_carnivorous","small_reef_fish,_omnivorous1"21,"large_sharks/rays,_carnivorous","small_reef_fish,_omnivorous2"22,"large_sharks/rays,_carnivorous","small_reef_fish,_omnivorous3"23,"large_sharks/rays,_carnivorous","large_Scaridae,_herbivorous"24,"large_sharks/rays,_carnivorous","intermediate_Scaridae,_herbivorous"25,"large_sharks/rays,_carnivorous","small_Scaridae,_herbivorous"26,"large_sharks/rays,_carnivorous","Blenniidae,_herbivorous"27,"large_sharks/rays,_carnivorous",sea_birds28,"large_sharks/rays,_carnivorous",squids29,"large_sharks/rays,_carnivorous",sea_turtles30,"large_sharks/rays,_carnivorous",octopuses31,"large_sharks/rays,_carnivorous",lobsters32,"large_sharks/rays,_carnivorous",crabs33,"large_sharks/rays,_carnivorous",shrimps/hermit_crabs/stomatopods34,"large_sharks/rays,_carnivorous",echinoids35,"large_sharks/rays,_carnivorous",gastropods36,"large_sharks/rays,_carnivorous",chitons/scaphopods37,"large_sharks/rays,_carnivorous",polychaetes/priapuloids/ophiuroids38,"large_sharks/rays,_carnivorous",holothuroids/sipunculids/echiuroids/hemichordates39,"large_sharks/rays,_carnivorous",bivalves40,"large_sharks/rays,_carnivorous",detritus/POM/DOM41,"sharks/scombrids,_carnivorous","sharks/scombrids,_carnivorous"42,"sharks/scombrids,_carnivorous","intermediate_jacks,_carnivorous"43,"sharks/scombrids,_carnivorous","small_jacks,_carnivrous"44,"sharks/scombrids,_carnivorous","intermediate_reef_fish,_carnivorous1"45,"sharks/scombrids,_carnivorous","large-intermediate_schooling_fish,_pelagic"46,"sharks/scombrids,_carnivorous","intermediate_reef_fish,_carnivorous2"47,"sharks/scombrids,_carnivorous","hemiramphidae,_herbivorous"48,"sharks/scombrids,_carnivorous","intermediate_reef_fish,_herbivorous"49,"sharks/scombrids,_carnivorous","large_reef_fish,_carnivorous"50,"sharks/scombrids,_carnivorous","intermediate_reef_fish,_carnivorous3"51,"sharks/scombrids,_carnivorous","small_reef_fish,_carnivorous1"52,"sharks/scombrids,_carnivorous","small_schooling_fish,_pelagic"53,"sharks/scombrids,_carnivorous","Engraulidae,_herbivorous"54,"sharks/scombrids,_carnivorous","small_reef_fish,_carnivorous2"55,"sharks/scombrids,_carnivorous","small_reef_fish,_omnivorous1"56,"sharks/scombrids,_carnivorous","small_reef_fish,_omnivorous2"57,"sharks/scombrids,_carnivorous","intermediate_Scaridae,_herbivorous"58,"sharks/scombrids,_carnivorous","small_Scaridae,_herbivorous"59,"sharks/scombrids,_carnivorous","Blenniidae,_herbivorous"60,"sharks/scombrids,_carnivorous",squids61,"sharks/scombrids,_carnivorous",octopuses62,"sharks/scombrids,_carnivorous",lobsters63,"sharks/scombrids,_carnivorous",crabs64,"sharks/scombrids,_carnivorous",shrimps/hermit_crabs/stomatopods65,"sharks/scombrids,_carnivorous",gastropods66,"sharks/scombrids,_carnivorous",chitons/scaphopods67,"sharks/scombrids,_carnivorous",polychaetes/priapuloids/ophiuroids68,"sharks/scombrids,_carnivorous",bivalves69,"large_jacks,_carnivorous","intermediate_jacks,_carnivorous"70,"large_jacks,_carnivorous","intermediate_reef_fish,_carnivorous1"71,"large_jacks,_carnivorous","intermediate_reef_fish,_carnivorous2"72,"large_jacks,_carnivorous","intermediate_reef_fish,_herbivorous"73,"large_jacks,_carnivorous","intermediate_reef_fish,_carnivorous3"74,"large_jacks,_carnivorous",crabs75,"large_jacks,_carnivorous",shrimps/hermit_crabs/stomatopods76,"large_jacks,_carnivorous",echinoids77,"large_jacks,_carnivorous",gastropods78,"large_jacks,_carnivorous",bivalves79,"intermediate_jacks,_carnivorous","intermediate_reef_fish,_carnivorous1"80,"intermediate_jacks,_carnivorous","large-intermediate_schooling_fish,_pelagic"81,"intermediate_jacks,_carnivorous","intermediate_reef_fish,_carnivorous2"82,"intermediate_jacks,_carnivorous","intermediate_reef_fish,_herbivorous"83,"intermediate_jacks,_carnivorous","small_schooling_fish,_pelagic"84,"intermediate_jacks,_carnivorous","Engraulidae,_herbivorous"85,"intermediate_jacks,_carnivorous","small_reef_fish,_carnivorous2"86,"intermediate_jacks,_carnivorous","small_reef_fish,_omnivorous1"87,"intermediate_jacks,_carnivorous","small_reef_fish,_omnivorous2"88,"intermediate_jacks,_carnivorous","small_reef_fish,_omnivorous3"89,"intermediate_jacks,_carnivorous","large_Scaridae,_herbivorous"90,"intermediate_jacks,_carnivorous","intermediate_Scaridae,_herbivorous"91,"intermediate_jacks,_carnivorous","small_Scaridae,_herbivorous"92,"intermediate_jacks,_carnivorous","Blenniidae,_herbivorous"93,"intermediate_jacks,_carnivorous",squids94,"intermediate_jacks,_carnivorous",crabs95,"intermediate_jacks,_carnivorous",shrimps/hermit_crabs/stomatopods96,"intermediate_jacks,_carnivorous",gastropods97,"intermediate_jacks,_carnivorous",zooplankton98,"small_jacks,_carnivrous","intermediate_jacks,_carnivorous"99,"small_jacks,_carnivrous","small_jacks,_carnivrous"100,"small_jacks,_carnivrous","large-intermediate_schooling_fish,_pelagic"101,"small_jacks,_carnivrous","intermediate_reef_fish,_herbivorous"102,"small_jacks,_carnivrous","small_schooling_fish,_pelagic"103,"small_jacks,_carnivrous","Engraulidae,_herbivorous"104,"small_jacks,_carnivrous",zooplankton105,"intermediate_reef_fish,_carnivorous1","intermediate_reef_fish,_carnivorous1"106,"intermediate_reef_fish,_carnivorous1","intermediate_reef_fish,_carnivorous2"107,"intermediate_reef_fish,_carnivorous1","intermediate_reef_fish,_carnivorous3"108,"intermediate_reef_fish,_carnivorous1","small_reef_fish,_carnivorous1"109,"intermediate_reef_fish,_carnivorous1","small_schooling_fish,_pelagic"110,"intermediate_reef_fish,_carnivorous1","small_reef_fish,_carnivorous2"111,"intermediate_reef_fish,_carnivorous1","small_reef_fish,_omnivorous1"112,"intermediate_reef_fish,_carnivorous1","large_Scaridae,_herbivorous"113,"intermediate_reef_fish,_carnivorous1","intermediate_Scaridae,_herbivorous"114,"intermediate_reef_fish,_carnivorous1","small_Scaridae,_herbivorous"115,"intermediate_reef_fish,_carnivorous1",squids116,"intermediate_reef_fish,_carnivorous1",octopuses117,"intermediate_reef_fish,_carnivorous1",crabs118,"intermediate_reef_fish,_carnivorous1",shrimps/hermit_crabs/stomatopods119,"intermediate_reef_fish,_carnivorous1",asteroids120,"intermediate_reef_fish,_carnivorous1",echinoids121,"intermediate_reef_fish,_carnivorous1",gastropods122,"intermediate_reef_fish,_carnivorous1",polychaetes/priapuloids/ophiuroids123,"intermediate_reef_fish,_carnivorous1",holothuroids/sipunculids/echiuroids/hemichordates124,"intermediate_reef_fish,_carnivorous1",bivalves125,"intermediate_reef_fish,_carnivorous1",ascidians/barnacles/bryozoans126,"intermediate_reef_fish,_carnivorous1",sponges127,"intermediate_reef_fish,_carnivorous1",corals/sea_anemones128,"intermediate_reef_fish,_carnivorous1",zooplankton129,"intermediate_reef_fish,_carnivorous1",benthic_autotrophs130,"large-intermediate_schooling_fish,_pelagic","large-intermediate_schooling_fish,_pelagic"131,"large-intermediate_schooling_fish,_pelagic","intermediate_reef_fish,_herbivorous"132,"large-intermediate_schooling_fish,_pelagic","small_schooling_fish,_pelagic"133,"large-intermediate_schooling_fish,_pelagic","Engraulidae,_herbivorous"134,"large-intermediate_schooling_fish,_pelagic",shrimps/hermit_crabs/stomatopods135,"large-intermediate_schooling_fish,_pelagic",polychaetes/priapuloids/ophiuroids136,"large-intermediate_schooling_fish,_pelagic",zooplankton137,"large-intermediate_schooling_fish,_pelagic",benthic_autotrophs138,"intermediate_reef_fish,_carnivorous2","intermediate_jacks,_carnivorous"139,"intermediate_reef_fish,_carnivorous2","large-intermediate_schooling_fish,_pelagic"140,"intermediate_reef_fish,_carnivorous2","intermediate_reef_fish,_carnivorous2"141,"intermediate_reef_fish,_carnivorous2","large_reef_fish,_carnivorous"142,"intermediate_reef_fish,_carnivorous2","intermediate_reef_fish,_carnivorous3"143,"intermediate_reef_fish,_carnivorous2","small_schooling_fish,_pelagic"144,"intermediate_reef_fish,_carnivorous2","Engraulidae,_herbivorous"145,"intermediate_reef_fish,_carnivorous2","small_reef_fish,_carnivorous2"146,"intermediate_reef_fish,_carnivorous2",octopuses147,"intermediate_reef_fish,_carnivorous2",lobsters148,"intermediate_reef_fish,_carnivorous2",crabs149,"intermediate_reef_fish,_carnivorous2",shrimps/hermit_crabs/stomatopods150,"intermediate_reef_fish,_carnivorous2",amphipods/isopods/tanaids/pycnogonids151,"intermediate_reef_fish,_carnivorous2",echinoids152,"intermediate_reef_fish,_carnivorous2",gastropods153,"intermediate_reef_fish,_carnivorous2",chitons/scaphopods154,"intermediate_reef_fish,_carnivorous2",polychaetes/priapuloids/ophiuroids155,"intermediate_reef_fish,_carnivorous2",holothuroids/sipunculids/echiuroids/hemichordates156,"intermediate_reef_fish,_carnivorous2",bivalves157,"intermediate_reef_fish,_carnivorous2",ascidians/barnacles/bryozoans158,"intermediate_reef_fish,_carnivorous2",sponges159,"intermediate_reef_fish,_carnivorous2",corals/sea_anemones160,"intermediate_reef_fish,_carnivorous2",zooplankton161,"intermediate_reef_fish,_carnivorous2",benthic_autotrophs162,"hemiramphidae,_herbivorous","small_schooling_fish,_pelagic"163,"hemiramphidae,_herbivorous",benthic_autotrophs164,"kyphosidae,_herbivorous",benthic_autotrophs165,"intermediate_reef_fish,_herbivorous",shrimps/hermit_crabs/stomatopods166,"intermediate_reef_fish,_herbivorous",gastropods167,"intermediate_reef_fish,_herbivorous",polychaetes/priapuloids/ophiuroids168,"intermediate_reef_fish,_herbivorous",zooplankton169,"intermediate_reef_fish,_herbivorous",benthic_autotrophs170,"intermediate_reef_fish,_herbivorous",detritus/POM/DOM171,"large_reef_fish,_carnivorous","large_jacks,_carnivorous"172,"large_reef_fish,_carnivorous","intermediate_jacks,_carnivorous"173,"large_reef_fish,_carnivorous","small_jacks,_carnivrous"174,"large_reef_fish,_carnivorous","intermediate_reef_fish,_carnivorous1"175,"large_reef_fish,_carnivorous","large-intermediate_schooling_fish,_pelagic"176,"large_reef_fish,_carnivorous","intermediate_reef_fish,_carnivorous2"177,"large_reef_fish,_carnivorous","intermediate_reef_fish,_herbivorous"178,"large_reef_fish,_carnivorous","large_reef_fish,_carnivorous"179,"large_reef_fish,_carnivorous","intermediate_reef_fish,_carnivorous3"180,"large_reef_fish,_carnivorous","small_reef_fish,_carnivorous1"181,"large_reef_fish,_carnivorous","small_schooling_fish,_pelagic"182,"large_reef_fish,_carnivorous","Engraulidae,_herbivorous"183,"large_reef_fish,_carnivorous","small_reef_fish,_omnivorous1"184,"large_reef_fish,_carnivorous","small_reef_fish,_omnivorous2"185,"large_reef_fish,_carnivorous","large_Scaridae,_herbivorous"186,"large_reef_fish,_carnivorous","intermediate_Scaridae,_herbivorous"187,"large_reef_fish,_carnivorous","small_Scaridae,_herbivorous"188,"large_reef_fish,_carnivorous","Blenniidae,_herbivorous"189,"large_reef_fish,_carnivorous",squids190,"large_reef_fish,_carnivorous",octopuses191,"large_reef_fish,_carnivorous",lobsters192,"large_reef_fish,_carnivorous",crabs193,"large_reef_fish,_carnivorous",shrimps/hermit_crabs/stomatopods194,"large_reef_fish,_carnivorous",echinoids195,"large_reef_fish,_carnivorous",gastropods196,"large_reef_fish,_carnivorous",bivalves197,"large_reef_fish,_carnivorous",zooplankton198,"intermediate_reef_fish,_carnivorous3","small_jacks,_carnivrous"199,"intermediate_reef_fish,_carnivorous3","large-intermediate_schooling_fish,_pelagic"200,"intermediate_reef_fish,_carnivorous3","intermediate_reef_fish,_carnivorous2"201,"intermediate_reef_fish,_carnivorous3","intermediate_reef_fish,_herbivorous"202,"intermediate_reef_fish,_carnivorous3","intermediate_reef_fish,_carnivorous3"203,"intermediate_reef_fish,_carnivorous3","small_reef_fish,_carnivorous1"204,"intermediate_reef_fish,_carnivorous3","small_schooling_fish,_pelagic"205,"intermediate_reef_fish,_carnivorous3","Engraulidae,_herbivorous"206,"intermediate_reef_fish,_carnivorous3","small_reef_fish,_carnivorous2"207,"intermediate_reef_fish,_carnivorous3","small_reef_fish,_omnivorous1"208,"intermediate_reef_fish,_carnivorous3","small_reef_fish,_omnivorous2"209,"intermediate_reef_fish,_carnivorous3","small_reef_fish,_omnivorous3"210,"intermediate_reef_fish,_carnivorous3","large_Scaridae,_herbivorous"211,"intermediate_reef_fish,_carnivorous3","intermediate_Scaridae,_herbivorous"212,"intermediate_reef_fish,_carnivorous3","small_Scaridae,_herbivorous"213,"intermediate_reef_fish,_carnivorous3","Blenniidae,_herbivorous"214,"intermediate_reef_fish,_carnivorous3","small_Gobiidae,_carnivorous"215,"intermediate_reef_fish,_carnivorous3",octopuses216,"intermediate_reef_fish,_carnivorous3",crabs217,"intermediate_reef_fish,_carnivorous3",shrimps/hermit_crabs/stomatopods218,"intermediate_reef_fish,_carnivorous3",amphipods/isopods/tanaids/pycnogonids219,"intermediate_reef_fish,_carnivorous3",echinoids220,"intermediate_reef_fish,_carnivorous3",gastropods221,"intermediate_reef_fish,_carnivorous3",chitons/scaphopods222,"intermediate_reef_fish,_carnivorous3",polychaetes/priapuloids/ophiuroids223,"intermediate_reef_fish,_carnivorous3",holothuroids/sipunculids/echiuroids/hemichordates224,"intermediate_reef_fish,_carnivorous3",bivalves225,"intermediate_reef_fish,_carnivorous3",ascidians/barnacles/bryozoans226,"intermediate_reef_fish,_carnivorous3",sponges227,"intermediate_reef_fish,_carnivorous3",corals/sea_anemones228,"intermediate_reef_fish,_carnivorous3",zooplankton229,"intermediate_reef_fish,_carnivorous3",benthic_autotrophs230,"small_reef_fish,_carnivorous1","large-intermediate_schooling_fish,_pelagic"231,"small_reef_fish,_carnivorous1","intermediate_reef_fish,_carnivorous2"232,"small_reef_fish,_carnivorous1","hemiramphidae,_herbivorous"233,"small_reef_fish,_carnivorous1","small_reef_fish,_carnivorous1"234,"small_reef_fish,_carnivorous1","small_schooling_fish,_pelagic"235,"small_reef_fish,_carnivorous1","Engraulidae,_herbivorous"236,"small_reef_fish,_carnivorous1","small_reef_fish,_carnivorous2"237,"small_reef_fish,_carnivorous1","small_reef_fish,_omnivorous1"238,"small_reef_fish,_carnivorous1","small_reef_fish,_omnivorous2"239,"small_reef_fish,_carnivorous1","small_reef_fish,_omnivorous3"240,"small_reef_fish,_carnivorous1","small_Scaridae,_herbivorous"241,"small_reef_fish,_carnivorous1","Blenniidae,_herbivorous"242,"small_reef_fish,_carnivorous1","small_Gobiidae,_carnivorous"243,"small_reef_fish,_carnivorous1",crabs244,"small_reef_fish,_carnivorous1",shrimps/hermit_crabs/stomatopods245,"small_reef_fish,_carnivorous1",amphipods/isopods/tanaids/pycnogonids246,"small_reef_fish,_carnivorous1",echinoids247,"small_reef_fish,_carnivorous1",gastropods248,"small_reef_fish,_carnivorous1",chitons/scaphopods249,"small_reef_fish,_carnivorous1",polychaetes/priapuloids/ophiuroids250,"small_reef_fish,_carnivorous1",holothuroids/sipunculids/echiuroids/hemichordates251,"small_reef_fish,_carnivorous1",bivalves252,"small_reef_fish,_carnivorous1",zooplankton253,"small_reef_fish,_carnivorous1",benthic_autotrophs254,"small_schooling_fish,_pelagic","small_schooling_fish,_pelagic"255,"small_schooling_fish,_pelagic","Engraulidae,_herbivorous"256,"small_schooling_fish,_pelagic",amphipods/isopods/tanaids/pycnogonids257,"small_schooling_fish,_pelagic",ascidians/barnacles/bryozoans258,"small_schooling_fish,_pelagic",zooplankton259,"small_schooling_fish,_pelagic",decomposers/microfauna260,"Engraulidae,_herbivorous",zooplankton261,"Engraulidae,_herbivorous",phytoplankton262,"Engraulidae,_herbivorous",detritus/POM/DOM263,"small_reef_fish,_carnivorous2","intermediate_reef_fish,_carnivorous2"264,"small_reef_fish,_carnivorous2","intermediate_reef_fish,_herbivorous"265,"small_reef_fish,_carnivorous2","small_reef_fish,_carnivorous1"266,"small_reef_fish,_carnivorous2","small_reef_fish,_carnivorous2"267,"small_reef_fish,_carnivorous2","small_reef_fish,_omnivorous1"268,"small_reef_fish,_carnivorous2","small_reef_fish,_omnivorous3"269,"small_reef_fish,_carnivorous2","Blenniidae,_herbivorous"270,"small_reef_fish,_carnivorous2","small_Gobiidae,_carnivorous"271,"small_reef_fish,_carnivorous2",octopuses272,"small_reef_fish,_carnivorous2",crabs273,"small_reef_fish,_carnivorous2",shrimps/hermit_crabs/stomatopods274,"small_reef_fish,_carnivorous2",amphipods/isopods/tanaids/pycnogonids275,"small_reef_fish,_carnivorous2",gastropods276,"small_reef_fish,_carnivorous2",chitons/scaphopods277,"small_reef_fish,_carnivorous2",polychaetes/priapuloids/ophiuroids278,"small_reef_fish,_carnivorous2",holothuroids/sipunculids/echiuroids/hemichordates279,"small_reef_fish,_carnivorous2",bivalves280,"small_reef_fish,_carnivorous2",zooplankton281,"large_groupers,_carnivorous","large_sharks/rays,_carnivorous"282,"large_groupers,_carnivorous","intermediate_reef_fish,_carnivorous2"283,"large_groupers,_carnivorous","large_reef_fish,_carnivorous"284,"large_groupers,_carnivorous",sea_turtles285,"large_groupers,_carnivorous",lobsters286,"large_groupers,_carnivorous",crabs287,"intermediate_reef_fish,_carnivorous4",crabs288,"intermediate_reef_fish,_carnivorous4",shrimps/hermit_crabs/stomatopods289,"intermediate_reef_fish,_carnivorous4",asteroids290,"intermediate_reef_fish,_carnivorous4",echinoids291,"intermediate_reef_fish,_carnivorous4",polychaetes/priapuloids/ophiuroids292,"intermediate_reef_fish,_carnivorous4",holothuroids/sipunculids/echiuroids/hemichordates293,"intermediate_reef_fish,_carnivorous4",ascidians/barnacles/bryozoans294,"intermediate_reef_fish,_carnivorous4",sponges295,"intermediate_reef_fish,_carnivorous4",corals/sea_anemones296,"intermediate_reef_fish,_carnivorous4",zooplankton297,"intermediate_reef_fish,_carnivorous4",benthic_autotrophs298,"small_reef_fish,_omnivorous1","large-intermediate_schooling_fish,_pelagic"299,"small_reef_fish,_omnivorous1","intermediate_reef_fish,_carnivorous2"300,"small_reef_fish,_omnivorous1","hemiramphidae,_herbivorous"301,"small_reef_fish,_omnivorous1","small_reef_fish,_carnivorous1"302,"small_reef_fish,_omnivorous1","small_schooling_fish,_pelagic"303,"small_reef_fish,_omnivorous1","Engraulidae,_herbivorous"304,"small_reef_fish,_omnivorous1","small_reef_fish,_carnivorous2"305,"small_reef_fish,_omnivorous1","small_reef_fish,_omnivorous1"306,"small_reef_fish,_omnivorous1","small_reef_fish,_omnivorous2"307,"small_reef_fish,_omnivorous1","small_reef_fish,_omnivorous3"308,"small_reef_fish,_omnivorous1","small_Scaridae,_herbivorous"309,"small_reef_fish,_omnivorous1","Blenniidae,_herbivorous"310,"small_reef_fish,_omnivorous1","small_Gobiidae,_carnivorous"311,"small_reef_fish,_omnivorous1",crabs312,"small_reef_fish,_omnivorous1",shrimps/hermit_crabs/stomatopods313,"small_reef_fish,_omnivorous1",amphipods/isopods/tanaids/pycnogonids314,"small_reef_fish,_omnivorous1",gastropods315,"small_reef_fish,_omnivorous1",polychaetes/priapuloids/ophiuroids316,"small_reef_fish,_omnivorous1",bivalves317,"small_reef_fish,_omnivorous1",ascidians/barnacles/bryozoans318,"small_reef_fish,_omnivorous1",sponges319,"small_reef_fish,_omnivorous1",corals/sea_anemones320,"small_reef_fish,_omnivorous1",zooplankton321,"small_reef_fish,_omnivorous1",benthic_autotrophs322,"small_reef_fish,_omnivorous1",detritus/POM/DOM323,"small_reef_fish,_omnivorous2","small_reef_fish,_carnivorous1"324,"small_reef_fish,_omnivorous2","small_schooling_fish,_pelagic"325,"small_reef_fish,_omnivorous2","Engraulidae,_herbivorous"326,"small_reef_fish,_omnivorous2","small_reef_fish,_carnivorous2"327,"small_reef_fish,_omnivorous2","small_reef_fish,_omnivorous2"328,"small_reef_fish,_omnivorous2","small_reef_fish,_omnivorous3"329,"small_reef_fish,_omnivorous2","Blenniidae,_herbivorous"330,"small_reef_fish,_omnivorous2","small_Gobiidae,_carnivorous"331,"small_reef_fish,_omnivorous2",crabs332,"small_reef_fish,_omnivorous2",shrimps/hermit_crabs/stomatopods333,"small_reef_fish,_omnivorous2",amphipods/isopods/tanaids/pycnogonids334,"small_reef_fish,_omnivorous2",asteroids335,"small_reef_fish,_omnivorous2",echinoids336,"small_reef_fish,_omnivorous2",gastropods337,"small_reef_fish,_omnivorous2",polychaetes/priapuloids/ophiuroids338,"small_reef_fish,_omnivorous2",holothuroids/sipunculids/echiuroids/hemichordates339,"small_reef_fish,_omnivorous2",bivalves340,"small_reef_fish,_omnivorous2",ascidians/barnacles/bryozoans341,"small_reef_fish,_omnivorous2",sponges342,"small_reef_fish,_omnivorous2",corals/sea_anemones343,"small_reef_fish,_omnivorous2",zooplankton344,"small_reef_fish,_omnivorous2",decomposers/microfauna345,"small_reef_fish,_omnivorous2",benthic_autotrophs346,"small_reef_fish,_omnivorous2",detritus/POM/DOM347,"small_reef_fish,_omnivorous3",amphipods/isopods/tanaids/pycnogonids348,"small_reef_fish,_omnivorous3",polychaetes/priapuloids/ophiuroids349,"small_reef_fish,_omnivorous3",bivalves350,"small_reef_fish,_omnivorous3",zooplankton351,"small_reef_fish,_omnivorous3",benthic_autotrophs352,"small_reef_fish,_omnivorous3",detritus/POM/DOM353,"large_Scaridae,_herbivorous",sponges354,"large_Scaridae,_herbivorous",corals/sea_anemones355,"large_Scaridae,_herbivorous",benthic_autotrophs356,"intermediate_Scaridae,_herbivorous",sponges357,"intermediate_Scaridae,_herbivorous",benthic_autotrophs358,"small_Scaridae,_herbivorous",benthic_autotrophs359,"Blenniidae,_herbivorous",gastropods360,"Blenniidae,_herbivorous",zooplankton361,"Blenniidae,_herbivorous",benthic_autotrophs362,"Blenniidae,_herbivorous",detritus/POM/DOM363,"small_Gobiidae,_carnivorous",amphipods/isopods/tanaids/pycnogonids364,sea_birds,"sharks/scombrids,_carnivorous"365,sea_birds,"large_jacks,_carnivorous"366,sea_birds,"intermediate_jacks,_carnivorous"367,sea_birds,"small_jacks,_carnivrous"368,sea_birds,"intermediate_reef_fish,_carnivorous1"369,sea_birds,"large-intermediate_schooling_fish,_pelagic"370,sea_birds,"intermediate_reef_fish,_carnivorous2"371,sea_birds,"hemiramphidae,_herbivorous"372,sea_birds,"intermediate_reef_fish,_herbivorous"373,sea_birds,"large_reef_fish,_carnivorous"374,sea_birds,"intermediate_reef_fish,_carnivorous3"375,sea_birds,"small_reef_fish,_carnivorous1"376,sea_birds,"small_schooling_fish,_pelagic"377,sea_birds,"Engraulidae,_herbivorous"378,sea_birds,"small_reef_fish,_carnivorous2"379,sea_birds,"intermediate_reef_fish,_carnivorous4"380,sea_birds,"small_reef_fish,_omnivorous1"381,sea_birds,"small_reef_fish,_omnivorous2"382,sea_birds,"large_Scaridae,_herbivorous"383,sea_birds,"intermediate_Scaridae,_herbivorous"384,sea_birds,"small_Scaridae,_herbivorous"385,sea_birds,zooplankton386,squids,"large-intermediate_schooling_fish,_pelagic"387,squids,"hemiramphidae,_herbivorous"388,squids,"small_schooling_fish,_pelagic"389,squids,"Engraulidae,_herbivorous"390,squids,squids391,squids,shrimps/hermit_crabs/stomatopods392,squids,zooplankton393,sea_turtles,lobsters394,sea_turtles,crabs395,sea_turtles,shrimps/hermit_crabs/stomatopods396,sea_turtles,asteroids397,sea_turtles,echinoids398,sea_turtles,gastropods399,sea_turtles,bivalves400,sea_turtles,ascidians/barnacles/bryozoans401,sea_turtles,sponges402,sea_turtles,corals/sea_anemones403,sea_turtles,benthic_autotrophs404,octopuses,"intermediate_reef_fish,_carnivorous2"405,octopuses,"intermediate_reef_fish,_herbivorous"406,octopuses,"large_reef_fish,_carnivorous"407,octopuses,"intermediate_reef_fish,_carnivorous3"408,octopuses,"small_reef_fish,_carnivorous1"409,octopuses,"small_reef_fish,_carnivorous2"410,octopuses,"small_reef_fish,_omnivorous1"411,octopuses,"small_reef_fish,_omnivorous2"412,octopuses,octopuses413,octopuses,crabs414,octopuses,shrimps/hermit_crabs/stomatopods415,octopuses,gastropods416,octopuses,chitons/scaphopods417,octopuses,polychaetes/priapuloids/ophiuroids418,octopuses,bivalves419,lobsters,gastropods420,lobsters,polychaetes/priapuloids/ophiuroids421,lobsters,bivalves422,lobsters,benthic_autotrophs423,lobsters,detritus/POM/DOM424,crabs,"small_reef_fish,_carnivorous1"425,crabs,"small_reef_fish,_carnivorous2"426,crabs,crabs427,crabs,shrimps/hermit_crabs/stomatopods428,crabs,amphipods/isopods/tanaids/pycnogonids429,crabs,echinoids430,crabs,gastropods431,crabs,polychaetes/priapuloids/ophiuroids432,crabs,holothuroids/sipunculids/echiuroids/hemichordates433,crabs,bivalves434,crabs,ascidians/barnacles/bryozoans435,crabs,sponges436,crabs,corals/sea_anemones437,crabs,zooplankton438,crabs,decomposers/microfauna439,crabs,phytoplankton440,crabs,benthic_autotrophs441,crabs,detritus/POM/DOM442,shrimps/hermit_crabs/stomatopods,"intermediate_reef_fish,_carnivorous2"443,shrimps/hermit_crabs/stomatopods,"small_reef_fish,_carnivorous1"444,shrimps/hermit_crabs/stomatopods,"Engraulidae,_herbivorous"445,shrimps/hermit_crabs/stomatopods,"small_reef_fish,_carnivorous2"446,shrimps/hermit_crabs/stomatopods,squids447,shrimps/hermit_crabs/stomatopods,octopuses448,shrimps/hermit_crabs/stomatopods,lobsters449,shrimps/hermit_crabs/stomatopods,crabs450,shrimps/hermit_crabs/stomatopods,shrimps/hermit_crabs/stomatopods451,shrimps/hermit_crabs/stomatopods,amphipods/isopods/tanaids/pycnogonids452,shrimps/hermit_crabs/stomatopods,asteroids453,shrimps/hermit_crabs/stomatopods,echinoids454,shrimps/hermit_crabs/stomatopods,gastropods455,shrimps/hermit_crabs/stomatopods,chitons/scaphopods456,shrimps/hermit_crabs/stomatopods,polychaetes/priapuloids/ophiuroids457,shrimps/hermit_crabs/stomatopods,holothuroids/sipunculids/echiuroids/hemichordates458,shrimps/hermit_crabs/stomatopods,bivalves459,shrimps/hermit_crabs/stomatopods,zooplankton460,shrimps/hermit_crabs/stomatopods,decomposers/microfauna461,shrimps/hermit_crabs/stomatopods,benthic_autotrophs462,shrimps/hermit_crabs/stomatopods,detritus/POM/DOM463,amphipods/isopods/tanaids/pycnogonids,"small_jacks,_carnivrous"464,amphipods/isopods/tanaids/pycnogonids,"large-intermediate_schooling_fish,_pelagic"465,amphipods/isopods/tanaids/pycnogonids,"intermediate_reef_fish,_carnivorous2"466,amphipods/isopods/tanaids/pycnogonids,"hemiramphidae,_herbivorous"467,amphipods/isopods/tanaids/pycnogonids,"intermediate_reef_fish,_herbivorous"468,amphipods/isopods/tanaids/pycnogonids,"large_reef_fish,_carnivorous"469,amphipods/isopods/tanaids/pycnogonids,"intermediate_reef_fish,_carnivorous3"470,amphipods/isopods/tanaids/pycnogonids,"small_reef_fish,_carnivorous1"471,amphipods/isopods/tanaids/pycnogonids,"small_schooling_fish,_pelagic"472,amphipods/isopods/tanaids/pycnogonids,"small_reef_fish,_carnivorous2"473,amphipods/isopods/tanaids/pycnogonids,"small_reef_fish,_omnivorous1"474,amphipods/isopods/tanaids/pycnogonids,ascidians/barnacles/bryozoans475,amphipods/isopods/tanaids/pycnogonids,sponges476,amphipods/isopods/tanaids/pycnogonids,corals/sea_anemones477,amphipods/isopods/tanaids/pycnogonids,zooplankton478,amphipods/isopods/tanaids/pycnogonids,decomposers/microfauna479,amphipods/isopods/tanaids/pycnogonids,benthic_autotrophs480,amphipods/isopods/tanaids/pycnogonids,detritus/POM/DOM481,asteroids,crabs482,asteroids,asteroids483,asteroids,echinoids484,asteroids,gastropods485,asteroids,chitons/scaphopods486,asteroids,polychaetes/priapuloids/ophiuroids487,asteroids,holothuroids/sipunculids/echiuroids/hemichordates488,asteroids,bivalves489,asteroids,ascidians/barnacles/bryozoans490,asteroids,sponges491,asteroids,corals/sea_anemones492,asteroids,decomposers/microfauna493,asteroids,benthic_autotrophs494,asteroids,detritus/POM/DOM495,echinoids,asteroids496,echinoids,echinoids497,echinoids,polychaetes/priapuloids/ophiuroids498,echinoids,holothuroids/sipunculids/echiuroids/hemichordates499,echinoids,bivalves500,echinoids,sponges501,echinoids,corals/sea_anemones502,echinoids,benthic_autotrophs503,gastropods,lobsters504,gastropods,crabs505,gastropods,shrimps/hermit_crabs/stomatopods506,gastropods,amphipods/isopods/tanaids/pycnogonids507,gastropods,gastropods508,gastropods,chitons/scaphopods509,gastropods,polychaetes/priapuloids/ophiuroids510,gastropods,holothuroids/sipunculids/echiuroids/hemichordates511,gastropods,bivalves512,gastropods,ascidians/barnacles/bryozoans513,gastropods,sponges514,gastropods,corals/sea_anemones515,gastropods,decomposers/microfauna516,gastropods,benthic_autotrophs517,gastropods,detritus/POM/DOM518,chitons/scaphopods,ascidians/barnacles/bryozoans519,chitons/scaphopods,sponges520,chitons/scaphopods,corals/sea_anemones521,chitons/scaphopods,decomposers/microfauna522,chitons/scaphopods,benthic_autotrophs523,polychaetes/priapuloids/ophiuroids,amphipods/isopods/tanaids/pycnogonids524,polychaetes/priapuloids/ophiuroids,gastropods525,polychaetes/priapuloids/ophiuroids,polychaetes/priapuloids/ophiuroids526,polychaetes/priapuloids/ophiuroids,bivalves527,polychaetes/priapuloids/ophiuroids,ascidians/barnacles/bryozoans528,polychaetes/priapuloids/ophiuroids,sponges529,polychaetes/priapuloids/ophiuroids,corals/sea_anemones530,polychaetes/priapuloids/ophiuroids,zooplankton531,polychaetes/priapuloids/ophiuroids,decomposers/microfauna532,polychaetes/priapuloids/ophiuroids,phytoplankton533,polychaetes/priapuloids/ophiuroids,benthic_autotrophs534,polychaetes/priapuloids/ophiuroids,detritus/POM/DOM535,holothuroids/sipunculids/echiuroids/hemichordates,decomposers/microfauna536,holothuroids/sipunculids/echiuroids/hemichordates,phytoplankton537,holothuroids/sipunculids/echiuroids/hemichordates,benthic_autotrophs538,holothuroids/sipunculids/echiuroids/hemichordates,detritus/POM/DOM539,bivalves,decomposers/microfauna540,bivalves,phytoplankton541,bivalves,detritus/POM/DOM542,ascidians/barnacles/bryozoans,zooplankton543,ascidians/barnacles/bryozoans,decomposers/microfauna544,ascidians/barnacles/bryozoans,phytoplankton545,ascidians/barnacles/bryozoans,detritus/POM/DOM546,sponges,decomposers/microfauna547,sponges,detritus/POM/DOM548,corals/sea_anemones,zooplankton549,corals/sea_anemones,decomposers/microfauna550,corals/sea_anemones,benthic_autotrophs551,corals/sea_anemones,detritus/POM/DOM552,zooplankton,decomposers/microfauna553,zooplankton,phytoplankton554,zooplankton,detritus/POM/DOM555,decomposers/microfauna,benthic_autotrophs556,decomposers/microfauna,detritus/POM/DOM